Title,Company Name,Location,Date,URL
Future Openings - Customer Support,1Password,Netherlands,2022-01-22,https://www.linkedin.com/jobs/view/2921311577/?eBP=JOB_SEARCH_ORGANIC&recommendedFlavor=ACTIVELY_HIRING_COMPANY&refId=PKsnI%2FguR0awB603%2F9js%2BA%3D%3D&trackingId=tR1O1nWj6LRNYulDRaCMrw%3D%3D&trk=flagship3_search_srp_jobs
Senior Rust Software Developer,1Password,Canada,2022-03-01,https://www.linkedin.com/jobs/view/2945687818/?eBP=JOB_SEARCH_ORGANIC&recommendedFlavor=ACTIVELY_HIRING_COMPANY&refId=PKsnI%2FguR0awB603%2F9js%2BA%3D%3D&trackingId=N6lywStVpc1i8c3eYbcj3w%3D%3D&trk=flagship3_search_srp_jobs
"Creative Director, Design",1Password,Canada,2022-03-02,https://www.linkedin.com/jobs/view/2935691871/?eBP=JOB_SEARCH_ORGANIC&recommendedFlavor=ACTIVELY_HIRING_COMPANY&refId=PKsnI%2FguR0awB603%2F9js%2BA%3D%3D&trackingId=WBFMX9YJ7wzqAB6wrWspCw%3D%3D&trk=flagship3_search_srp_jobs
Future Openings - Development,1Password,Netherlands,2021-12-24,https://www.linkedin.com/jobs/view/2881603719/?eBP=JOB_SEARCH_ORGANIC&recommendedFlavor=ACTIVELY_HIRING_COMPANY&refId=PKsnI%2FguR0awB603%2F9js%2BA%3D%3D&trackingId=JKNyiu6NlyZCgJzHeGW5Lw%3D%3D&trk=flagship3_search_srp_jobs
Future Openings - Human Resources,1Password,Netherlands,2021-12-24,https://www.linkedin.com/jobs/view/2881606152/?eBP=JOB_SEARCH_ORGANIC&recommendedFlavor=ACTIVELY_HIRING_COMPANY&refId=PKsnI%2FguR0awB603%2F9js%2BA%3D%3D&trackingId=dFvrW49fYBmEebNQHtUFOw%3D%3D&trk=flagship3_search_srp_jobs
Future Openings - Technology (Non-Development),1Password,Netherlands,2022-01-25,https://www.linkedin.com/jobs/view/2921315021/?eBP=JOB_SEARCH_ORGANIC&recommendedFlavor=ACTIVELY_HIRING_COMPANY&refId=PKsnI%2FguR0awB603%2F9js%2BA%3D%3D&trackingId=GnuFkhcugCsY74Pccs4PeA%3D%3D&trk=flagship3_search_srp_jobs
Future Openings - Customer Success,1Password,Netherlands,2021-12-24,https://www.linkedin.com/jobs/view/2881601948/?eBP=JOB_SEARCH_ORGANIC&recommendedFlavor=ACTIVELY_HIRING_COMPANY&refId=PKsnI%2FguR0awB603%2F9js%2BA%3D%3D&trackingId=fcIwu9Cr0LWN2lnqAbO1%2BQ%3D%3D&trk=flagship3_search_srp_jobs
Onboarding Specialist,1Password,United Kingdom,2022-02-22,https://www.linkedin.com/jobs/view/2924912647/?eBP=JOB_SEARCH_ORGANIC&recommendedFlavor=ACTIVELY_HIRING_COMPANY&refId=7C4hT3F8g101DIX7pY%2FWHQ%3D%3D&trackingId=M%2BV24stTu42cdIaQr%2Fq7XQ%3D%3D&trk=flagship3_search_srp_jobs
"Talent Sourcer, Business",1Password,United States,2022-02-03,https://www.linkedin.com/jobs/view/2903386509/?eBP=JOB_SEARCH_ORGANIC&recommendedFlavor=ACTIVELY_HIRING_COMPANY&refId=7C4hT3F8g101DIX7pY%2FWHQ%3D%3D&trackingId=n%2B5BEQdBtI7QI3qgQnJijA%3D%3D&trk=flagship3_search_srp_jobs
Onboarding Specialist,1Password,Canada,2022-02-22,https://www.linkedin.com/jobs/view/2924914166/?eBP=JOB_SEARCH_ORGANIC&recommendedFlavor=ACTIVELY_HIRING_COMPANY&refId=7C4hT3F8g101DIX7pY%2FWHQ%3D%3D&trackingId=fW4HLIFzdep5y89O9r1DmA%3D%3D&trk=flagship3_search_srp_jobs
"Data Scientist, Experimentation",1Password,Canada,2022-02-25,https://www.linkedin.com/jobs/view/2929526095/?eBP=JOB_SEARCH_ORGANIC&recommendedFlavor=ACTIVELY_HIRING_COMPANY&refId=7C4hT3F8g101DIX7pY%2FWHQ%3D%3D&trackingId=kkndnm%2Bg2q5QLWehWERB8g%3D%3D&trk=flagship3_search_srp_jobs
Sales Engineer,1Password,Canada,2022-01-27,https://www.linkedin.com/jobs/view/2923498823/?eBP=JOB_SEARCH_ORGANIC&recommendedFlavor=ACTIVELY_HIRING_COMPANY&refId=7C4hT3F8g101DIX7pY%2FWHQ%3D%3D&trackingId=%2FXdrLHIf6a3nJVJ1euBwOg%3D%3D&trk=flagship3_search_srp_jobs
"Director, Technology Operations",1Password,Canada,2022-03-02,https://www.linkedin.com/jobs/view/2937171440/?eBP=JOB_SEARCH_ORGANIC&recommendedFlavor=ACTIVELY_HIRING_COMPANY&refId=7C4hT3F8g101DIX7pY%2FWHQ%3D%3D&trackingId=9BArggMpjku%2BY0%2FOreGr7g%3D%3D&trk=flagship3_search_srp_jobs
"Senior Developer, Insights",1Password,United States,2022-01-27,https://www.linkedin.com/jobs/view/2923829784/?eBP=JOB_SEARCH_ORGANIC&recommendedFlavor=ACTIVELY_HIRING_COMPANY&refId=7C4hT3F8g101DIX7pY%2FWHQ%3D%3D&trackingId=e3S0vE5X6asRvqZCvM8WIw%3D%3D&trk=flagship3_search_srp_jobs
"Talent Sourcer, Business",1Password,"Portland, OR",2022-02-03,https://www.linkedin.com/jobs/view/2903387198/?eBP=JOB_SEARCH_ORGANIC&recommendedFlavor=ACTIVELY_HIRING_COMPANY&refId=Y7ZT7h0oR9pnvojRiD1NWQ%3D%3D&trackingId=K6kDmyGdGcrEInKdYF90qA%3D%3D&trk=flagship3_search_srp_jobs
"Director, Technology Operations",1Password,United States,2022-03-02,https://www.linkedin.com/jobs/view/2937167756/?eBP=JOB_SEARCH_ORGANIC&recommendedFlavor=ACTIVELY_HIRING_COMPANY&refId=Y7ZT7h0oR9pnvojRiD1NWQ%3D%3D&trackingId=JOEJbMXmhbqzxGirHiv5ug%3D%3D&trk=flagship3_search_srp_jobs
"VP, Data",1Password,United States,2022-01-22,https://www.linkedin.com/jobs/view/2921310768/?eBP=JOB_SEARCH_ORGANIC&recommendedFlavor=ACTIVELY_HIRING_COMPANY&refId=Y7ZT7h0oR9pnvojRiD1NWQ%3D%3D&trackingId=%2FSzGcHlIMiV0HG%2FeyaZc9g%3D%3D&trk=flagship3_search_srp_jobs
Senior Backend Web Developer - Browser Experience,1Password,United States,2021-12-20,https://www.linkedin.com/jobs/view/2876668138/?eBP=JOB_SEARCH_ORGANIC&recommendedFlavor=ACTIVELY_HIRING_COMPANY&refId=Y7ZT7h0oR9pnvojRiD1NWQ%3D%3D&trackingId=vhXiJS%2BQ2eoKmDJwagKYHQ%3D%3D&trk=flagship3_search_srp_jobs
Engineering Manager,1Password,Canada,2022-02-19,https://www.linkedin.com/jobs/view/2923221738/?eBP=JOB_SEARCH_ORGANIC&recommendedFlavor=ACTIVELY_HIRING_COMPANY&refId=Y7ZT7h0oR9pnvojRiD1NWQ%3D%3D&trackingId=xqrFE2EUUxSf6W%2Fx9T2Gtw%3D%3D&trk=flagship3_search_srp_jobs
"Manager, Design Studio",1Password,Canada,2022-01-14,https://www.linkedin.com/jobs/view/2877837092/?eBP=JOB_SEARCH_ORGANIC&recommendedFlavor=ACTIVELY_HIRING_COMPANY&refId=Y7ZT7h0oR9pnvojRiD1NWQ%3D%3D&trackingId=VQf76oHXZzOoQkjxKfzs%2Fg%3D%3D&trk=flagship3_search_srp_jobs
"VP, Data",1Password,Canada,2022-01-22,https://www.linkedin.com/jobs/view/2921312544/?eBP=JOB_SEARCH_ORGANIC&recommendedFlavor=ACTIVELY_HIRING_COMPANY&refId=Y7ZT7h0oR9pnvojRiD1NWQ%3D%3D&trackingId=cEGHQ3hIrf12o8e6bVDkpA%3D%3D&trk=flagship3_search_srp_jobs
Build Engineer,1Password,Canada,2022-02-11,https://www.linkedin.com/jobs/view/2916063296/?eBP=JOB_SEARCH_ORGANIC&recommendedFlavor=ACTIVELY_HIRING_COMPANY&refId=ZumKXp0SVw4ZYohLB7%2Fz4g%3D%3D&trackingId=f8heA%2BqYGfmqezlh2JaE1A%3D%3D&trk=flagship3_search_srp_jobs
Developer,1Password,Netherlands,2022-01-13,https://www.linkedin.com/jobs/view/2909113669/?eBP=JOB_SEARCH_ORGANIC&recommendedFlavor=ACTIVELY_HIRING_COMPANY&refId=ZumKXp0SVw4ZYohLB7%2Fz4g%3D%3D&trackingId=0kLtO2hurb%2BKmOZz1Y%2B0VQ%3D%3D&trk=flagship3_search_srp_jobs
Senior Android Developer,1Password,United States,2022-01-22,https://www.linkedin.com/jobs/view/2920798024/?eBP=JOB_SEARCH_ORGANIC&recommendedFlavor=ACTIVELY_HIRING_COMPANY&refId=ZumKXp0SVw4ZYohLB7%2Fz4g%3D%3D&trackingId=qnfLkBpb83P6cMp3Qk7dTw%3D%3D&trk=flagship3_search_srp_jobs
"Manager, Product Design",1Password,United States,2022-02-04,https://www.linkedin.com/jobs/view/2905051254/?eBP=JOB_SEARCH_ORGANIC&recommendedFlavor=ACTIVELY_HIRING_COMPANY&refId=ZumKXp0SVw4ZYohLB7%2Fz4g%3D%3D&trackingId=gxHsZB6YLZJW3Y88%2BmxlKw%3D%3D&trk=flagship3_search_srp_jobs
Staff Web Developer,1Password,Canada,2022-02-24,https://www.linkedin.com/jobs/view/2928873255/?eBP=JOB_SEARCH_ORGANIC&recommendedFlavor=ACTIVELY_HIRING_COMPANY&refId=ZumKXp0SVw4ZYohLB7%2Fz4g%3D%3D&trackingId=vyXckCons4ml0NwYLMpL%2Bg%3D%3D&trk=flagship3_search_srp_jobs
Windows Application Developer,1Password,United Kingdom,2022-02-08,https://www.linkedin.com/jobs/view/2911407157/?eBP=JOB_SEARCH_ORGANIC&recommendedFlavor=ACTIVELY_HIRING_COMPANY&refId=ZumKXp0SVw4ZYohLB7%2Fz4g%3D%3D&trackingId=NpJaftHcCUEBc6LpuE%2FeaQ%3D%3D&trk=flagship3_search_srp_jobs
"Creative Director, Design",1Password,United States,2022-01-22,https://www.linkedin.com/jobs/view/2920796310/?eBP=JOB_SEARCH_ORGANIC&recommendedFlavor=ACTIVELY_HIRING_COMPANY&refId=ZumKXp0SVw4ZYohLB7%2Fz4g%3D%3D&trackingId=GGmBZEb0hs8MglCByRRa7A%3D%3D&trk=flagship3_search_srp_jobs
MacOS Developer,1Password,United Kingdom,2022-02-08,https://www.linkedin.com/jobs/view/2911401944/?eBP=JOB_SEARCH_ORGANIC&recommendedFlavor=ACTIVELY_HIRING_COMPANY&refId=f1DRSrDbY15aN77W4IBjYg%3D%3D&trackingId=AC5iV0wAVq1%2Bqd3nOZ%2BQDA%3D%3D&trk=flagship3_search_srp_jobs
Linux Application Developer,1Password,United States,2022-02-08,https://www.linkedin.com/jobs/view/2911406284/?eBP=JOB_SEARCH_ORGANIC&recommendedFlavor=ACTIVELY_HIRING_COMPANY&refId=f1DRSrDbY15aN77W4IBjYg%3D%3D&trackingId=Sm0S2hzvtM7h0nlft1Ww2g%3D%3D&trk=flagship3_search_srp_jobs
MacOS Developer,1Password,Canada,2022-02-08,https://www.linkedin.com/jobs/view/2911405322/?eBP=JOB_SEARCH_ORGANIC&recommendedFlavor=ACTIVELY_HIRING_COMPANY&refId=f1DRSrDbY15aN77W4IBjYg%3D%3D&trackingId=NQVXwYfDtI3BdILVRaO2aQ%3D%3D&trk=flagship3_search_srp_jobs
Senior Data Engineer,1Password,Canada,2022-01-22,https://www.linkedin.com/jobs/view/2920796309/?eBP=JOB_SEARCH_ORGANIC&recommendedFlavor=ACTIVELY_HIRING_COMPANY&refId=f1DRSrDbY15aN77W4IBjYg%3D%3D&trackingId=ecp9bX9bNg267HN9EWqd7g%3D%3D&trk=flagship3_search_srp_jobs
"Senior Talent Acquisition Specialist, Marketing",1Password,"San Francisco, CA",2022-01-28,https://www.linkedin.com/jobs/view/2924302867/?eBP=JOB_SEARCH_ORGANIC&recommendedFlavor=ACTIVELY_HIRING_COMPANY&refId=f1DRSrDbY15aN77W4IBjYg%3D%3D&trackingId=VsRz3qB1I8j7VqUFwNJZKw%3D%3D&trk=flagship3_search_srp_jobs
"Senior Talent Acquisition Specialist, Technology",1Password,"Portland, OR",2022-01-15,https://www.linkedin.com/jobs/view/2912985734/?eBP=JOB_SEARCH_ORGANIC&recommendedFlavor=ACTIVELY_HIRING_COMPANY&refId=f1DRSrDbY15aN77W4IBjYg%3D%3D&trackingId=uD%2BhN82xhdj2GnnpWYPMRQ%3D%3D&trk=flagship3_search_srp_jobs
Linux Application Developer,1Password,United Kingdom,2022-02-08,https://www.linkedin.com/jobs/view/2911403851/?eBP=JOB_SEARCH_ORGANIC&recommendedFlavor=ACTIVELY_HIRING_COMPANY&refId=f1DRSrDbY15aN77W4IBjYg%3D%3D&trackingId=b4QYrCdRhIBs9lpaVjiPiA%3D%3D&trk=flagship3_search_srp_jobs
Demand Generation Campaigns Manager,1Password,Canada,2022-01-14,https://www.linkedin.com/jobs/view/2876666692/?eBP=JOB_SEARCH_ORGANIC&recommendedFlavor=ACTIVELY_HIRING_COMPANY&refId=7rSpdb9xk5UMNMDNaDfqwg%3D%3D&trackingId=blY3RKfWOP%2FZFNStXDos7A%3D%3D&trk=flagship3_search_srp_jobs
"Product Manager, Billing",1Password,United States,2022-02-05,https://www.linkedin.com/jobs/view/2907006931/?eBP=JOB_SEARCH_ORGANIC&recommendedFlavor=ACTIVELY_HIRING_COMPANY&refId=7rSpdb9xk5UMNMDNaDfqwg%3D%3D&trackingId=0zgLpTNe8Tz6QdDsy6JieA%3D%3D&trk=flagship3_search_srp_jobs
"SFA, Accounting",1Password,United States,2022-03-03,https://www.linkedin.com/jobs/view/2937633991/?eBP=JOB_SEARCH_ORGANIC&recommendedFlavor=ACTIVELY_HIRING_COMPANY&refId=7rSpdb9xk5UMNMDNaDfqwg%3D%3D&trackingId=Dk5cy2Cz8mJ8POu43SjFmw%3D%3D&trk=flagship3_search_srp_jobs
"SFA, R&D, FP&A",1Password,United States,2022-02-08,https://www.linkedin.com/jobs/view/2911405330/?eBP=JOB_SEARCH_ORGANIC&recommendedFlavor=ACTIVELY_HIRING_COMPANY&refId=7rSpdb9xk5UMNMDNaDfqwg%3D%3D&trackingId=mOyr6Rx0cqUxzYexp%2BLNWQ%3D%3D&trk=flagship3_search_srp_jobs
Senior DevOps Engineer,1Password,"Toronto, ON",2022-01-31,https://www.linkedin.com/jobs/view/2930222769/?eBP=JOB_SEARCH_ORGANIC&recommendedFlavor=ACTIVELY_HIRING_COMPANY&refId=7rSpdb9xk5UMNMDNaDfqwg%3D%3D&trackingId=1JtrOZROUEhDmFDN9LGbpg%3D%3D&trk=flagship3_search_srp_jobs
Demand Generation Campaigns Manager,1Password,United States,2022-01-14,https://www.linkedin.com/jobs/view/2876664921/?eBP=JOB_SEARCH_ORGANIC&recommendedFlavor=ACTIVELY_HIRING_COMPANY&refId=7rSpdb9xk5UMNMDNaDfqwg%3D%3D&trackingId=Ws%2BpJwH%2B2tgQN0gScoci3Q%3D%3D&trk=flagship3_search_srp_jobs
Medical Operations Lead,54gene,"Nairobi, Nairobi, Kenya",2022-02-02,https://www.linkedin.com/jobs/view/2926656922/?eBP=JOB_SEARCH_ORGANIC&recommendedFlavor=ACTIVELY_HIRING_COMPANY&refId=Ph7%2BZl6IgbI2Oh1zJUIVyw%3D%3D&trackingId=ryvX7pQGjUJB3NQNEAovnQ%3D%3D&trk=flagship3_search_srp_jobs
Medical Science Liaison,54gene,"Nairobi, Nairobi, Kenya",2022-02-02,https://www.linkedin.com/jobs/view/2926660409/?eBP=JOB_SEARCH_ORGANIC&recommendedFlavor=ACTIVELY_HIRING_COMPANY&refId=Ph7%2BZl6IgbI2Oh1zJUIVyw%3D%3D&trackingId=REdEEVpPAlTDIhUGBz%2B0cw%3D%3D&trk=flagship3_search_srp_jobs
Medical Science Liaison,54gene,"Lagos, Lagos, Nigeria",2022-01-23,https://www.linkedin.com/jobs/view/2926657851/?eBP=JOB_SEARCH_ORGANIC&recommendedFlavor=ACTIVELY_HIRING_COMPANY&refId=Ph7%2BZl6IgbI2Oh1zJUIVyw%3D%3D&trackingId=yBTfMlWAQXLdBmUEcSo%2Btw%3D%3D&trk=flagship3_search_srp_jobs
Cybersecurity Engineer,54gene,"Lagos, Lagos, Nigeria",2022-02-03,https://www.linkedin.com/jobs/view/2926655951/?eBP=JOB_SEARCH_ORGANIC&recommendedFlavor=ACTIVELY_HIRING_COMPANY&refId=Ph7%2BZl6IgbI2Oh1zJUIVyw%3D%3D&trackingId=yVeQrRR2FXedOoxcFbxsfg%3D%3D&trk=flagship3_search_srp_jobs
Patient Support,54gene,"Lagos, Lagos, Nigeria",2022-02-08,https://www.linkedin.com/jobs/view/2926662052/?eBP=JOB_SEARCH_ORGANIC&recommendedFlavor=ACTIVELY_HIRING_COMPANY&refId=Ph7%2BZl6IgbI2Oh1zJUIVyw%3D%3D&trackingId=Oux4ayPalbaybYdgh0gmaQ%3D%3D&trk=flagship3_search_srp_jobs
"Assistant General Counsel, Business Development at 54Gene",54gene,"Lagos, Lagos, Nigeria",2021-12-23,https://www.linkedin.com/jobs/view/2850716771/?eBP=JOB_SEARCH_ORGANIC&recommendedFlavor=ACTIVELY_HIRING_COMPANY&refId=Ph7%2BZl6IgbI2Oh1zJUIVyw%3D%3D&trackingId=OvUb0FRnv8lGqKNsvjLnBg%3D%3D&trk=flagship3_search_srp_jobs
Security Associate,54gene,"Lagos, Lagos, Nigeria",2022-02-17,https://www.linkedin.com/jobs/view/2926662039/?eBP=JOB_SEARCH_ORGANIC&recommendedFlavor=JOB_SEEKER_QUALIFIED&refId=Ph7%2BZl6IgbI2Oh1zJUIVyw%3D%3D&trackingId=AcZGupuIZuROYi4XvM9yyQ%3D%3D&trk=flagship3_search_srp_jobs
Senior Full Stack Developer,54gene,"Lagos, Lagos, Nigeria",2022-01-23,https://www.linkedin.com/jobs/view/2926661132/?eBP=JOB_SEARCH_ORGANIC&recommendedFlavor=ACTIVELY_HIRING_COMPANY&refId=jcMBmNRH5mk9TDRgHbcacA%3D%3D&trackingId=e6Nv36%2F6E3ySNJ69mxidLg%3D%3D&trk=flagship3_search_srp_jobs
Medical Laboratory Scientist - Clinical Chemistry,54gene,"Kano, Kano, Nigeria",2022-01-23,https://www.linkedin.com/jobs/view/2926657817/?eBP=JOB_SEARCH_ORGANIC&recommendedFlavor=ACTIVELY_HIRING_COMPANY&refId=jcMBmNRH5mk9TDRgHbcacA%3D%3D&trackingId=DDl4qqRnKx3A2xvIV5Yx0w%3D%3D&trk=flagship3_search_srp_jobs
DevOps Engineer,54gene,"Lagos, Lagos, Nigeria",2022-01-23,https://www.linkedin.com/jobs/view/2926662050/?eBP=JOB_SEARCH_ORGANIC&recommendedFlavor=ACTIVELY_HIRING_COMPANY&refId=jcMBmNRH5mk9TDRgHbcacA%3D%3D&trackingId=Vw0gh3bvchne1WU7QtXlfQ%3D%3D&trk=flagship3_search_srp_jobs
DevOps Engineer at 54Gene,54gene,"Lagos, Lagos, Nigeria",2022-01-17,https://www.linkedin.com/jobs/view/2915881120/?eBP=JOB_SEARCH_ORGANIC&recommendedFlavor=ACTIVELY_HIRING_COMPANY&refId=jcMBmNRH5mk9TDRgHbcacA%3D%3D&trackingId=9q79TE%2Fe2hEl%2BEkEQauVCA%3D%3D&trk=flagship3_search_srp_jobs
Molecular Cancer Geneticist (Somatic NGS Test),54gene,"Liginiac, Nouvelle-Aquitaine, France",2022-01-24,https://www.linkedin.com/jobs/view/2927776985/?eBP=JOB_SEARCH_ORGANIC&recommendedFlavor=ACTIVELY_HIRING_COMPANY&refId=jcMBmNRH5mk9TDRgHbcacA%3D%3D&trackingId=KfIlRl%2FMjSeO%2Fno0x0Qdlw%3D%3D&trk=flagship3_search_srp_jobs
"Associate Director / Director, Team Lead",64x Bio,San Francisco Bay Area,2022-03-01,https://www.linkedin.com/jobs/view/2942303484/?eBP=JOB_SEARCH_ORGANIC&recommendedFlavor=ACTIVELY_HIRING_COMPANY&refId=Gr90nLbCpIQckXWL1oI3bQ%3D%3D&trackingId=Okj66MMruMb681wQ%2BEXgPQ%3D%3D&trk=flagship3_search_srp_jobs
"Associate Director, Laboratory Operations",64x Bio,San Francisco Bay Area,2022-02-16,https://www.linkedin.com/jobs/view/2920540337/?eBP=JOB_SEARCH_ORGANIC&recommendedFlavor=ACTIVELY_HIRING_COMPANY&refId=Gr90nLbCpIQckXWL1oI3bQ%3D%3D&trackingId=mOj19JExMGEhqylVxAneEw%3D%3D&trk=flagship3_search_srp_jobs
Project Coordinator,Accelo,Denver Metropolitan Area,2022-03-03,https://www.linkedin.com/jobs/view/2945972810/?eBP=JOB_SEARCH_ORGANIC&recommendedFlavor=ACTIVELY_HIRING_COMPANY&refId=BzKRuxqR4EAnbu8paqthlQ%3D%3D&trackingId=EXyjUTg8uBfOmevpYZrY6A%3D%3D&trk=flagship3_search_srp_jobs
VP of People Operations,Accelo,Denver Metropolitan Area,2022-03-01,https://www.linkedin.com/jobs/view/2934636405/?eBP=JOB_SEARCH_ORGANIC&recommendedFlavor=ACTIVELY_HIRING_COMPANY&refId=BzKRuxqR4EAnbu8paqthlQ%3D%3D&trackingId=2XQD2fkb5swzwtKONHeIKw%3D%3D&trk=flagship3_search_srp_jobs
Test Automation Engineer,Accelo,"Wollongong, New South Wales, Australia",2021-10-19,https://www.linkedin.com/jobs/view/2796552611/?eBP=JOB_SEARCH_ORGANIC&recommendedFlavor=ACTIVELY_HIRING_COMPANY&refId=BzKRuxqR4EAnbu8paqthlQ%3D%3D&trackingId=plqhEJ0F7DSKQ2sf%2BuKrRA%3D%3D&trk=flagship3_search_srp_jobs
Project Coordinator,Accelo,"Denver, CO",2022-03-03,https://www.linkedin.com/jobs/view/2950499122/?eBP=JOB_SEARCH_ORGANIC&recommendedFlavor=ACTIVELY_HIRING_COMPANY&refId=BzKRuxqR4EAnbu8paqthlQ%3D%3D&trackingId=Tw6ilGMhBpLuunoT%2FEgrXA%3D%3D&trk=flagship3_search_srp_jobs
VP of People Operations,Accelo,"Denver, CO",2022-03-01,https://www.linkedin.com/jobs/view/2945463071/?eBP=JOB_SEARCH_ORGANIC&recommendedFlavor=ACTIVELY_HIRING_COMPANY&refId=BzKRuxqR4EAnbu8paqthlQ%3D%3D&trackingId=nsDev9xDZy3cQPjAjWkxsA%3D%3D&trk=flagship3_search_srp_jobs
Web Developer,Accelo,"Wollongong, New South Wales, Australia",2022-02-28,https://www.linkedin.com/jobs/view/2943043726/?eBP=JOB_SEARCH_ORGANIC&recommendedFlavor=ACTIVELY_HIRING_COMPANY&refId=BzKRuxqR4EAnbu8paqthlQ%3D%3D&trackingId=Nc0KGqdumxvMh5KfrrfVBw%3D%3D&trk=flagship3_search_srp_jobs
Product Manager,Accelo,"Wollongong, New South Wales, Australia",2021-12-01,https://www.linkedin.com/jobs/view/2822380007/?eBP=JOB_SEARCH_ORGANIC&recommendedFlavor=ACTIVELY_HIRING_COMPANY&refId=BzKRuxqR4EAnbu8paqthlQ%3D%3D&trackingId=QR%2FLANm5aXj2wj3eKks1Mw%3D%3D&trk=flagship3_search_srp_jobs
Operations Intern,Acelerate,"Austin, TX",2022-03-03,https://www.linkedin.com/jobs/view/2910262371/?eBP=JOB_SEARCH_ORGANIC&recommendedFlavor=ACTIVELY_HIRING_COMPANY&refId=0GM2EdU%2F3ov4cOIXer1kgA%3D%3D&trackingId=oZiIIbx5Uoo7iF3zJ8f0Vg%3D%3D&trk=flagship3_search_srp_jobs
Operations Intern,Acelerate,"San Diego, CA",2022-03-03,https://www.linkedin.com/jobs/view/2910260490/?eBP=JOB_SEARCH_ORGANIC&recommendedFlavor=ACTIVELY_HIRING_COMPANY&refId=0GM2EdU%2F3ov4cOIXer1kgA%3D%3D&trackingId=GaMSUV8oRE%2BmuggwBQeNvQ%3D%3D&trk=flagship3_search_srp_jobs
Operations Intern,Acelerate,"Miami, FL",2022-02-17,https://www.linkedin.com/jobs/view/2922538720/?eBP=JOB_SEARCH_ORGANIC&recommendedFlavor=ACTIVELY_HIRING_COMPANY&refId=0GM2EdU%2F3ov4cOIXer1kgA%3D%3D&trackingId=Ips1DWZiWJTtb6ImleLfyQ%3D%3D&trk=flagship3_search_srp_jobs
Sales Account Executive,Acelerate,"Dallas, TX",2022-02-28,https://www.linkedin.com/jobs/view/2940190241/?eBP=JOB_SEARCH_ORGANIC&recommendedFlavor=ACTIVELY_HIRING_COMPANY&refId=0GM2EdU%2F3ov4cOIXer1kgA%3D%3D&trackingId=03aSP5cMojk6GwWiMFJq4A%3D%3D&trk=flagship3_search_srp_jobs
Operations Intern,Acelerate,"Charlotte, NC",2022-03-01,https://www.linkedin.com/jobs/view/2941001106/?eBP=JOB_SEARCH_ORGANIC&recommendedFlavor=ACTIVELY_HIRING_COMPANY&refId=0GM2EdU%2F3ov4cOIXer1kgA%3D%3D&trackingId=QgwElDMbBSk8mLj3ZdfqkA%3D%3D&trk=flagship3_search_srp_jobs
Sales Account Executive,Acelerate,"Dallas, TX",2022-02-28,https://www.linkedin.com/jobs/view/2940124738/?eBP=JOB_SEARCH_ORGANIC&recommendedFlavor=ACTIVELY_HIRING_COMPANY&refId=0GM2EdU%2F3ov4cOIXer1kgA%3D%3D&trackingId=M566d84wlXSgoHukqyKrSA%3D%3D&trk=flagship3_search_srp_jobs
"Software Engineer, Back-End",Acelerate,United States,2022-03-03,https://www.linkedin.com/jobs/view/2910263098/?eBP=JOB_SEARCH_ORGANIC&recommendedFlavor=ACTIVELY_HIRING_COMPANY&refId=0GM2EdU%2F3ov4cOIXer1kgA%3D%3D&trackingId=OvaINLOXOJnoLSmImJN%2FBQ%3D%3D&trk=flagship3_search_srp_jobs
Senior Architect,Acko,"Bengaluru, Karnataka, India",2022-02-04,https://www.linkedin.com/jobs/view/2944643469/?eBP=JOB_SEARCH_ORGANIC&recommendedFlavor=ACTIVELY_HIRING_COMPANY&refId=yP1sjeZxC8wlXhioSg%2Bf1w%3D%3D&trackingId=rfJFm%2BkLqsktFFxfMHZMLQ%3D%3D&trk=flagship3_search_srp_jobs
Associate Director- Motor Underwriting,Acko,"Bengaluru, Karnataka, India",2022-03-04,https://www.linkedin.com/jobs/view/2951340611/?eBP=JOB_SEARCH_ORGANIC&recommendedFlavor=ACTIVELY_HIRING_COMPANY&refId=yP1sjeZxC8wlXhioSg%2Bf1w%3D%3D&trackingId=2SSrUy8GsypJkz%2F20dSB%2Bg%3D%3D&trk=flagship3_search_srp_jobs
Associate Director/Director/Sr. Director - FP&A,Acko,"Bengaluru, Karnataka, India",2022-02-28,https://www.linkedin.com/jobs/view/2944201272/?eBP=JOB_SEARCH_ORGANIC&recommendedFlavor=ACTIVELY_HIRING_COMPANY&refId=yP1sjeZxC8wlXhioSg%2Bf1w%3D%3D&trackingId=uMbq1EJUwUZTQmZ6TqiAtA%3D%3D&trk=flagship3_search_srp_jobs
Specialist/AM-Claims Processor- Medical(OPD Claims),Acko,"Bengaluru, Karnataka, India",2022-02-28,https://www.linkedin.com/jobs/view/2944199538/?eBP=JOB_SEARCH_ORGANIC&recommendedFlavor=ACTIVELY_HIRING_COMPANY&refId=yP1sjeZxC8wlXhioSg%2Bf1w%3D%3D&trackingId=6n3w0iY9BEIz8Ek2vmw%2FdA%3D%3D&trk=flagship3_search_srp_jobs
AVP / VP - Risk Management,Acko,"Bengaluru, Karnataka, India",2022-03-01,https://www.linkedin.com/jobs/view/2944638935/?eBP=JOB_SEARCH_ORGANIC&recommendedFlavor=ACTIVELY_HIRING_COMPANY&refId=yP1sjeZxC8wlXhioSg%2Bf1w%3D%3D&trackingId=Wp46nSLh%2FewpKMEs0MBNtg%3D%3D&trk=flagship3_search_srp_jobs
Asst. Manager/ Manager - Medical Underwriting (Retail),Acko,"Bengaluru, Karnataka, India",2022-02-28,https://www.linkedin.com/jobs/view/2944202263/?eBP=JOB_SEARCH_ORGANIC&recommendedFlavor=ACTIVELY_HIRING_COMPANY&refId=yP1sjeZxC8wlXhioSg%2Bf1w%3D%3D&trackingId=5cYkCHgTYTPzmGG6TmsOOw%3D%3D&trk=flagship3_search_srp_jobs
Manager - Broker Relations,Acko,"Pune, Maharashtra, India",2022-02-04,https://www.linkedin.com/jobs/view/2944639843/?eBP=JOB_SEARCH_ORGANIC&recommendedFlavor=ACTIVELY_HIRING_COMPANY&refId=yP1sjeZxC8wlXhioSg%2Bf1w%3D%3D&trackingId=i7ya0Xj2l55PT2Lul4e7qQ%3D%3D&trk=flagship3_search_srp_jobs
Product Leader - Auto,Acko,"Bengaluru, Karnataka, India",2022-02-04,https://www.linkedin.com/jobs/view/2944643472/?eBP=JOB_SEARCH_ORGANIC&recommendedFlavor=ACTIVELY_HIRING_COMPANY&refId=h1ByiqRvrofvjHinUZzujQ%3D%3D&trackingId=5r92TTpz7CVGO01G7%2BtsaQ%3D%3D&trk=flagship3_search_srp_jobs
Head - Corporate Actuarial,Acko,"Bengaluru, Karnataka, India",2022-01-20,https://www.linkedin.com/jobs/view/2920853141/?eBP=JOB_SEARCH_ORGANIC&recommendedFlavor=ACTIVELY_HIRING_COMPANY&refId=h1ByiqRvrofvjHinUZzujQ%3D%3D&trackingId=Of%2BkwCYL2Xugoe0QD%2B2zYA%3D%3D&trk=flagship3_search_srp_jobs
Sr.Manager/DGM - Digital Marketing (Auto Business)-Performance Marketing,Acko,"Bengaluru, Karnataka, India",2022-02-12,https://www.linkedin.com/jobs/view/2918594644/?eBP=JOB_SEARCH_ORGANIC&recommendedFlavor=ACTIVELY_HIRING_COMPANY&refId=h1ByiqRvrofvjHinUZzujQ%3D%3D&trackingId=ZDEvKaMdP99MIU7yTXNXPA%3D%3D&trk=flagship3_search_srp_jobs
iOS Developer,Acko,"Bengaluru, Karnataka, India",2022-02-02,https://www.linkedin.com/jobs/view/2942078912/?eBP=JOB_SEARCH_ORGANIC&recommendedFlavor=ACTIVELY_HIRING_COMPANY&refId=h1ByiqRvrofvjHinUZzujQ%3D%3D&trackingId=%2Bd5GuuRvat7Bf9JYzFOPRw%3D%3D&trk=flagship3_search_srp_jobs
Product Manager - Auto,Acko,"Bengaluru, Karnataka, India",2022-02-04,https://www.linkedin.com/jobs/view/2944892193/?eBP=JOB_SEARCH_ORGANIC&recommendedFlavor=ACTIVELY_HIRING_COMPANY&refId=h1ByiqRvrofvjHinUZzujQ%3D%3D&trackingId=svFSF%2BkxuLHsFDqg3C4BnA%3D%3D&trk=flagship3_search_srp_jobs
Sr Product Manager - Central,Acko,"Bengaluru, Karnataka, India",2022-02-04,https://www.linkedin.com/jobs/view/2944893181/?eBP=JOB_SEARCH_ORGANIC&recommendedFlavor=ACTIVELY_HIRING_COMPANY&refId=h1ByiqRvrofvjHinUZzujQ%3D%3D&trackingId=YXzyzDEWP19wM5wC%2F6XR9w%3D%3D&trk=flagship3_search_srp_jobs
Lead Software Engineer - Backend,Acko,"Bengaluru, Karnataka, India",2022-02-04,https://www.linkedin.com/jobs/view/2944895124/?eBP=JOB_SEARCH_ORGANIC&recommendedFlavor=ACTIVELY_HIRING_COMPANY&refId=h1ByiqRvrofvjHinUZzujQ%3D%3D&trackingId=p4wxdxdOLQo0UbXroW2Xrw%3D%3D&trk=flagship3_search_srp_jobs
Technical Recruiter,ActionIQ,"New York, NY",2022-03-01,https://www.linkedin.com/jobs/view/2945869668/?eBP=JOB_SEARCH_ORGANIC&recommendedFlavor=ACTIVELY_HIRING_COMPANY&refId=b8UuQMvMEWOTrNm6L%2BG%2BtA%3D%3D&trackingId=E1b4ax53Sf7nvbrKkcS7CQ%3D%3D&trk=flagship3_search_srp_jobs
Data Engineer - Customer Enablement,ActionIQ,"New York, NY",2022-02-14,https://www.linkedin.com/jobs/view/2920886065/?eBP=JOB_SEARCH_ORGANIC&recommendedFlavor=ACTIVELY_HIRING_COMPANY&refId=b8UuQMvMEWOTrNm6L%2BG%2BtA%3D%3D&trackingId=dTMA2Japsao2to0dvwXYWg%3D%3D&trk=flagship3_search_srp_jobs
Office Operations Associate,ActionIQ,"New York, NY",2022-02-16,https://www.linkedin.com/jobs/view/2923995433/?eBP=JOB_SEARCH_ORGANIC&recommendedFlavor=ACTIVELY_HIRING_COMPANY&refId=b8UuQMvMEWOTrNm6L%2BG%2BtA%3D%3D&trackingId=F%2FQ594yIH4SuYV9Mr%2FMCiA%3D%3D&trk=flagship3_search_srp_jobs
Solutions Consultant,ActionIQ,"New York, NY",2022-01-18,https://www.linkedin.com/jobs/view/2917233882/?eBP=JOB_SEARCH_ORGANIC&recommendedFlavor=ACTIVELY_HIRING_COMPANY&refId=b8UuQMvMEWOTrNm6L%2BG%2BtA%3D%3D&trackingId=xoHWrqaAZkQ9CP8TCeSA3g%3D%3D&trk=flagship3_search_srp_jobs
"Software Engineer in Test, Backend",ActionIQ,"New York, NY",2022-01-27,https://www.linkedin.com/jobs/view/2929993546/?eBP=JOB_SEARCH_ORGANIC&recommendedFlavor=ACTIVELY_HIRING_COMPANY&refId=b8UuQMvMEWOTrNm6L%2BG%2BtA%3D%3D&trackingId=dIsQhlIaYSB4ZZrXvH1t4g%3D%3D&trk=flagship3_search_srp_jobs
Product Designer,ActionIQ,"New York, NY",2022-03-01,https://www.linkedin.com/jobs/view/2944247108/?eBP=JOB_SEARCH_ORGANIC&recommendedFlavor=ACTIVELY_HIRING_COMPANY&refId=b8UuQMvMEWOTrNm6L%2BG%2BtA%3D%3D&trackingId=8G8OL7TR1Y44b6gYeBQtGA%3D%3D&trk=flagship3_search_srp_jobs
"Senior Software Engineer, Backend",ActionIQ,"New York, NY",2022-01-18,https://www.linkedin.com/jobs/view/2916969783/?eBP=JOB_SEARCH_ORGANIC&recommendedFlavor=ACTIVELY_HIRING_COMPANY&refId=b8UuQMvMEWOTrNm6L%2BG%2BtA%3D%3D&trackingId=L0gh2RzZxOPMTzwaFikzCg%3D%3D&trk=flagship3_search_srp_jobs
